title,flair,author,created_utc,content,score,ratio,award_count
Lofi german girl,Fotos,SmallLebowsky,1599463563.0,https://i.redd.it/oojhg6qegol51.jpg,50283,0.91,0
German Dam (x-post r/MurderedByWords),Humor,Captain_Albern,1552378478.0,https://i.redd.it/md60w0xlcnl21.jpg,38628,0.91,0
Lases neulich,Humor,Zephymastyx,1511353380.0,https://i.redd.it/ikbpsbzwrizz.png,29319,0.89,0
"Zu Donald Trump. K체sse, Angela Merkel.",Humor,tuanomsok,1490549590.0,https://i.redd.it/5p5zdn5nfsny.jpg,28899,0.7,0
Welcome to Germany,Humor/MaiMai,Bumpel,1516369504.0,https://i.redd.it/ttudqxm831b01.png,26888,0.92,0
Ideal f체r kleine H채nde [OC],Humor,W1nd,1496226325.0,https://i.redd.it/lqnoz8sgbt0z.jpg,26759,0.82,0
"I'm officially a German citizen, It's nice to be European again!",Dienstmeldung,CaptainMcSmoky,1598637620.0,https://i.imgur.com/s6K3711.jpg,22858,0.94,0
Thought you guys would laugh as much we are laughing here in Brazil,Fotos,Staxx_HS,1604613216.0,https://i.redd.it/pkzh2l71thx51.jpg,22182,0.94,0
CORRECTED,Humor,Bumpel,1590646684.0,https://i.redd.it/51lgw52q7g151.png,21993,0.97,0
"This is my Agriculture Minister. He sold me, my fellow Bavarians, and his nation to Monsanto for the price of 1 Leberk채ssemmel.",MaiMai,FuriousFurryFisting,1512144231.0,https://i.imgur.com/FWjYKZK.jpg,21890,0.79,0
